feature,mean_abs_shap,mean_abs_shap_normal,mean_abs_shap_crisis,crisis_multiplier
realized_vol_60d,0.018582930928091854,0.017756207625413807,0.020994207227569506,1.18
storage_deviation_5yr,0.01520961839926939,0.014688142331894586,0.0167305902624459,1.14
month_cos,0.010748781031048855,0.00957862370427889,0.014161739900794562,1.48
winter_premium,0.01000433579066974,0.008650066763753884,0.01395428711917434,1.61
prob_crisis_filtered,0.008056276615026132,0.006253371816008365,0.013314748945494592,2.13
storage_pct_quantile,0.003309272653344481,0.002543481261882611,0.0055428308784416175,2.18
month_sin,0.004477583493769187,0.004545566231617077,0.004279300508379507,0.94
storage_change_7d,0.004717715949944184,0.005257931401983807,0.0031420875481619425,0.6
days_to_winter,0.002339273410641626,0.0021240605481535786,0.002966977592898427,1.4
storage_pct,0.0020856151360472133,0.001842710142620183,0.0027940880335427186,1.52
regime_label,0.0,0.0,0.0,0.0
